Baker,Okaloosa County,FL,32531
Baker,Okaloosa County,FL,32536
Choctaw Beach,Okaloosa County,FL,32578
Crestview,Okaloosa County,FL,32536
Crestview,Okaloosa County,FL,32539
Destin,Okaloosa County,FL,32540
Destin,Okaloosa County,FL,32541
Destin,Okaloosa County,FL,32550
Dfafs,Okaloosa County,FL,32542
Duke Field AFS,Okaloosa County,FL,32542
Eglin,Okaloosa County,FL,32542
Eglin AFB,Okaloosa County,FL,32542
Ft Walton Bch,Okaloosa County,FL,32547
Fort Walton Beach,Okaloosa County,FL,32547
Ft Walton Bch,Okaloosa County,FL,32548
Fort Walton Beach,Okaloosa County,FL,32548
Fort Walton Beach,Okaloosa County,FL,32549
Ft Walton Bch,Okaloosa County,FL,32549
Freeport,Okaloosa County,FL,32439
Holt,Okaloosa County,FL,32564
Hurlburt Field,Okaloosa County,FL,32544
Hurlburt Fld,Okaloosa County,FL,32544
Laurel Hill,Okaloosa County,FL,32567
Mary Esther,Okaloosa County,FL,32569
Milligan,Okaloosa County,FL,32537
Miramar Beach,Okaloosa County,FL,32550
Niceville,Okaloosa County,FL,32578
Niceville,Okaloosa County,FL,32588
Okaloosa Is,Okaloosa County,FL,32548
Okaloosa Island,Okaloosa County,FL,32548
Sandestin,Okaloosa County,FL,32550
Shalimar,Okaloosa County,FL,32579
Valparaiso,Okaloosa County,FL,32580